{

    "metadata" :
    {
        "formatVersion" : 3.1,
        "sourceFile"    : "wakebed.obj",
        "generatedBy"   : "OBJConverter",
        "vertices"      : 76,
        "faces"         : 124,
        "normals"       : 75,
        "colors"        : 0,
        "uvs"           : 0,
        "materials"     : 0
    },

    "scale" : 3.000000,

    "materials": [  {
    "DbgColor" : 15658734,
    "DbgIndex" : 0,
    "DbgName" : "default"
    }],

    "vertices": [-2.484000,-1.688000,-2.053000,-2.484000,-1.179000,-2.053000,2.444000,-1.179000,-2.053000,2.444000,-1.688000,-2.053000,-2.484000,-1.688000,1.659000,2.444000,-1.688000,1.659000,2.444000,-1.179000,1.659000,-2.484000,-1.179000,1.659000,-2.586000,-2.312000,-2.198000,2.874000,-2.312000,-2.198000,2.874000,-2.312000,1.784000,-2.586000,-2.312000,1.784000,2.489000,-1.630000,1.784000,2.489000,-1.630000,-2.198000,-2.586000,-1.630000,-2.198000,-2.586000,-1.630000,1.784000,2.874000,0.227000,1.784000,2.874000,0.227000,-2.198000,2.489000,0.227000,-2.198000,2.489000,0.227000,1.784000,2.209000,-0.970000,1.527000,2.209000,-0.969000,1.527000,1.577000,-1.004000,1.527000,1.577000,-1.006000,1.527000,1.639000,-0.880000,1.359000,1.410000,-1.027000,1.359000,1.410000,-1.028000,1.359000,2.377000,-0.969000,1.359000,2.377000,-0.970000,1.359000,2.209000,-0.822000,1.359000,1.410000,-1.027000,0.060000,1.639000,-0.880000,0.060000,1.410000,-1.028000,0.060000,2.377000,-0.969000,0.060000,2.377000,-0.970000,0.060000,2.209000,-0.822000,0.060000,1.577000,-1.004000,-0.107000,1.577000,-1.006000,-0.107000,2.209000,-0.969000,-0.107000,2.209000,-0.970000,-0.107000,1.512000,-1.177000,1.527000,2.216000,-1.177000,1.527000,1.323000,-1.177000,1.359000,2.405000,-1.177000,1.359000,1.323000,-1.177000,0.060000,2.405000,-1.177000,0.060000,1.512000,-1.177000,-0.107000,2.216000,-1.177000,-0.107000,2.209000,-0.970000,-0.252000,2.209000,-0.969000,-0.252000,1.577000,-1.004000,-0.252000,1.577000,-1.006000,-0.252000,1.639000,-0.880000,-0.420000,1.410000,-1.027000,-0.420000,1.410000,-1.028000,-0.420000,2.377000,-0.969000,-0.420000,2.377000,-0.970000,-0.420000,2.209000,-0.822000,-0.420000,1.410000,-1.027000,-1.719000,1.639000,-0.880000,-1.719000,1.410000,-1.028000,-1.719000,2.377000,-0.969000,-1.719000,2.377000,-0.970000,-1.719000,2.209000,-0.822000,-1.719000,1.577000,-1.004000,-1.886000,1.577000,-1.006000,-1.886000,2.209000,-0.969000,-1.886000,2.209000,-0.970000,-1.886000,1.512000,-1.177000,-0.252000,2.216000,-1.177000,-0.252000,1.323000,-1.177000,-0.420000,2.405000,-1.177000,-0.420000,1.323000,-1.177000,-1.719000,2.405000,-1.177000,-1.719000,1.512000,-1.177000,-1.886000,2.216000,-1.177000,-1.886000],

    "morphTargets": [],

    "morphColors": [],

    "normals": [0,0,-1,0,-0,1,0,-1,-0,1,0,-0,0,1,0,-1,0,-0,-0,-1,-0,0,1,-0,0,1,0,0,0,1,-1,-0,0,-1,0,0,0,0,-1,1,0,-0,-1,0,-0,0,-0,1,-0,-0,1,-0.525,0.721,0.452,-0.675,-0,0.738,0.675,-0,0.738,0.56,0.56,0.611,-0.047,0.743,0.668,-0.078,0.673,0.736,-0.589,0.808,0,-1,0,-0,1,0,-0,0.707,0.707,0,-0.115,0.993,0,-0.525,0.721,-0.452,-0.675,0,-0.738,0.675,0,-0.738,0.56,0.56,-0.611,-0.086,0.749,-0.657,-0.043,0.674,-0.737,0,0,-1,-0.663,0.338,0.668,-0.616,0.203,0.762,0.675,0.018,0.738,0.627,0.075,0.775,-0.891,0.454,0,0.993,0.119,-0,-0.677,0.223,-0.702,-0.599,0.305,-0.741,0.673,0.081,-0.735,0.629,0.017,-0.778,-0,-0,1,-0.525,0.721,0.452,-0.675,-0,0.738,0.675,-0,0.738,0.56,0.56,0.611,-0.047,0.743,0.668,-0.078,0.673,0.736,-0.589,0.808,0,-1,0,-0,1,0,-0,0.707,0.707,0,-0.115,0.993,0,-0.525,0.721,-0.452,-0.675,0,-0.738,0.675,0,-0.738,0.56,0.56,-0.611,-0.086,0.749,-0.657,-0.043,0.674,-0.737,0,0,-1,-0.663,0.338,0.668,-0.616,0.203,0.762,0.675,0.018,0.738,0.627,0.075,0.775,-0.891,0.454,0,0.993,0.119,0,0.993,0.119,-0,-0.677,0.223,-0.702,-0.599,0.305,-0.741,0.673,0.081,-0.735,0.629,0.017,-0.778],

    "colors": [],

    "uvs": [[]],

    "faces": [34,0,1,2,0,0,0,0,34,2,3,0,0,0,0,0,34,4,5,6,0,1,1,1,34,6,7,4,0,1,1,1,34,0,3,5,0,2,2,2,34,5,4,0,0,2,2,2,34,3,2,6,0,3,3,3,34,6,5,3,0,3,3,3,34,2,1,7,0,4,4,4,34,7,6,2,0,4,4,4,34,1,0,4,0,5,5,5,34,4,7,1,0,5,5,5,34,8,9,10,0,6,6,6,34,10,11,8,0,6,6,6,34,12,13,14,0,7,8,7,34,14,15,12,0,7,7,7,34,10,12,15,0,9,9,9,34,15,11,10,0,9,9,9,34,8,11,15,0,10,11,11,34,15,14,8,0,11,10,10,34,16,17,18,0,8,8,8,34,18,19,16,0,8,8,8,34,8,14,13,0,12,12,12,34,13,9,8,0,12,12,12,34,10,9,17,0,13,13,13,34,17,16,10,0,13,13,13,34,9,13,18,0,12,12,12,34,18,17,9,0,12,12,12,34,13,12,19,0,14,14,14,34,19,18,13,0,14,14,14,34,12,10,16,0,9,9,9,34,16,19,12,0,15,15,15,34,20,21,22,0,16,16,16,34,22,23,20,0,16,16,16,34,22,24,25,0,17,17,17,34,26,23,22,0,18,18,18,34,22,25,26,0,18,18,18,34,27,21,20,0,19,19,19,34,20,28,27,0,19,19,19,34,21,27,29,0,20,20,20,34,24,22,21,0,21,21,21,34,21,29,24,0,22,22,22,34,30,25,24,0,23,23,23,34,24,31,30,0,23,23,23,34,32,26,25,0,24,24,24,34,25,30,32,0,24,24,24,34,33,27,28,0,25,25,25,34,28,34,33,0,25,25,25,34,35,29,27,0,26,26,26,34,27,33,35,0,26,26,26,34,31,24,29,0,27,27,27,34,29,35,31,0,27,27,27,34,31,36,30,0,28,28,28,34,37,32,30,0,29,29,29,34,30,36,37,0,29,29,29,34,38,33,34,0,30,30,30,34,34,39,38,0,30,30,30,34,33,38,35,0,31,31,31,34,36,31,35,0,32,32,32,34,35,38,36,0,33,33,33,34,37,36,38,0,34,34,34,34,38,39,37,0,34,34,34,34,20,23,40,0,16,16,16,34,40,41,20,0,16,16,16,34,23,26,42,0,35,35,35,34,42,40,23,0,36,36,36,34,28,20,41,0,37,37,37,34,41,43,28,0,38,38,38,34,26,32,44,0,39,39,39,34,44,42,26,0,39,39,39,34,34,28,43,0,40,40,40,34,43,45,34,0,40,40,40,34,32,37,46,0,41,41,41,34,46,44,32,0,42,42,42,34,37,39,47,0,34,34,34,34,47,46,37,0,34,34,34,34,39,34,45,0,43,43,43,34,45,47,39,0,44,44,44,34,48,49,50,0,45,45,45,34,50,51,48,0,45,45,45,34,50,52,53,0,46,46,46,34,54,51,50,0,47,47,47,34,50,53,54,0,47,47,47,34,55,49,48,0,48,48,48,34,48,56,55,0,48,48,48,34,49,55,57,0,49,49,49,34,52,50,49,0,50,50,50,34,49,57,52,0,51,51,51,34,58,53,52,0,52,52,52,34,52,59,58,0,52,52,52,34,60,54,53,0,53,53,53,34,53,58,60,0,53,53,53,34,61,55,56,0,54,54,54,34,56,62,61,0,54,54,54,34,63,57,55,0,55,55,55,34,55,61,63,0,55,55,55,34,59,52,57,0,56,56,56,34,57,63,59,0,56,56,56,34,59,64,58,0,57,57,57,34,65,60,58,0,58,58,58,34,58,64,65,0,58,58,58,34,66,61,62,0,59,59,59,34,62,67,66,0,59,59,59,34,61,66,63,0,60,60,60,34,64,59,63,0,61,61,61,34,63,66,64,0,62,62,62,34,65,64,66,0,63,63,63,34,66,67,65,0,63,63,63,34,48,51,68,0,45,45,45,34,68,69,48,0,45,45,45,34,51,54,70,0,64,64,64,34,70,68,51,0,65,65,65,34,56,48,69,0,66,66,66,34,69,71,56,0,67,67,67,34,54,60,72,0,68,68,68,34,72,70,54,0,68,68,68,34,62,56,71,0,69,69,69,34,71,73,62,0,70,70,70,34,60,65,74,0,71,71,71,34,74,72,60,0,72,72,72,34,65,67,75,0,63,63,63,34,75,74,65,0,63,63,63,34,67,62,73,0,73,73,73,34,73,75,67,0,74,74,74]

}
