{

    "metadata" :
    {
        "formatVersion" : 3.1,
        "sourceFile"    : "wakeblanketR.obj",
        "generatedBy"   : "OBJConverter",
        "vertices"      : 39,
        "faces"         : 61,
        "normals"       : 56,
        "colors"        : 0,
        "uvs"           : 0,
        "materials"     : 0
    },

    "scale" : 3,

    "materials": [  {
    "DbgColor" : 15658734,
    "DbgIndex" : 0,
    "DbgName" : "default"
    }],

    "vertices": [0.831000,-0.362000,0.673000,-0.711000,-0.475000,0.673000,0.851000,-0.437000,1.094000,-0.860000,-0.620000,1.134000,0.920000,-0.669000,1.402000,-1.854000,-0.707000,0.673000,-0.729000,-0.945000,1.369000,0.993000,-0.937000,1.495000,-1.789000,-0.974000,1.097000,-2.220000,-0.957000,0.673000,0.851000,-0.437000,0.253000,-0.860000,-0.620000,0.213000,0.911000,-0.622000,-0.027000,-1.789000,-0.974000,0.250000,-0.729000,-0.854000,-0.023000,-0.758000,-1.021000,1.460000,-0.816000,-1.049000,1.587000,1.081000,-1.022000,1.587000,-1.507000,-1.065000,1.587000,-2.409000,-1.068000,1.242000,-1.926000,-1.027000,1.113000,-2.328000,-1.033000,0.673000,-2.409000,-1.052000,0.222000,0.955000,-0.669000,-0.194000,-1.077000,-0.929000,-0.194000,-2.409000,-1.117000,1.587000,-1.299000,-0.960000,-0.194000,-2.409000,-1.101000,-0.194000,0.851000,-0.520000,1.058000,0.831000,-0.442000,0.684000,0.920000,-0.752000,1.357000,0.993000,-1.020000,1.448000,0.851000,-0.519000,0.278000,0.911000,-0.703000,-0.016000,1.081000,-1.104000,1.537000,1.071000,-1.172000,1.587000,-2.409000,-1.172000,-0.194000,-2.409000,-1.172000,1.587000,0.956000,-0.752000,-0.194000],

    "morphTargets": [],

    "morphColors": [],

    "normals": [-0.072,0.981,0.179,-0.07,0.789,0.611,-0.096,0.958,0.271,-0.193,0.952,0.237,-0.071,0.311,0.948,-0.109,0.554,0.826,-0.228,0.509,0.83,-0.319,0.778,0.541,-0.482,0.705,0.521,-0.072,0.981,-0.179,-0.193,0.952,-0.237,-0.096,0.958,-0.271,-0.075,0.825,-0.56,-0.482,0.705,-0.521,-0.319,0.778,-0.541,-0.262,0.607,-0.751,-0.098,0.677,-0.73,-0.014,0.979,0.204,-0.023,0.979,0.2,-0.041,0.994,0.099,-0.046,0.989,0.139,-0.05,0.77,0.636,-0.048,0.711,0.701,-0.193,0.714,0.673,-0.182,0.779,0.6,-0.489,0.694,0.528,-0.315,0.908,0.277,-0.489,0.694,-0.528,-0.122,0.992,-0.039,-0.135,0.944,-0.3,-0.125,0.977,-0.17,-0.057,0.988,0.142,-0.309,0.951,0.015,-0.07,0.996,0.052,-0.125,0.985,-0.117,-0.123,0.992,-0.02,0.999,0.019,-0.044,0.998,-0.008,-0.055,0.984,0.085,-0.158,0.983,0.075,-0.171,0.947,0.16,-0.28,0.943,0.158,-0.292,0.999,0.006,0.047,0.999,0.014,0.047,0.983,0.054,0.175,0.982,0.025,0.185,0.813,0.3,-0.498,0.807,0.293,-0.513,0.992,-0.065,0.108,-1,0,-0,-0,0,1,0,0,1,0,-0,1,-0.137,0.979,-0.148,0.968,0.034,0.249,0.97,0.007,0.244],

    "colors": [],

    "uvs": [[]],

    "faces": [34,0,1,2,0,0,0,0,34,2,3,4,0,1,1,1,34,2,1,3,0,2,2,2,34,1,5,3,0,3,3,3,34,4,6,7,0,4,4,4,34,4,3,6,0,5,5,5,34,3,8,6,0,6,6,6,34,3,5,8,0,7,7,7,34,5,9,8,0,8,8,8,34,0,10,1,0,9,9,9,34,1,11,5,0,10,10,10,34,1,10,11,0,11,11,11,34,10,12,11,0,12,12,12,34,5,13,9,0,13,13,13,34,5,11,13,0,14,14,14,34,11,14,13,0,15,15,15,34,11,12,14,0,16,16,16,34,15,16,17,0,17,17,17,34,18,16,15,0,18,18,18,34,19,18,15,0,19,19,19,34,20,19,15,0,20,20,20,34,7,6,15,0,21,21,21,34,15,17,7,0,22,22,22,34,6,8,20,0,23,23,23,34,20,15,6,0,24,24,24,34,8,9,21,0,25,25,25,34,21,20,8,0,26,26,26,34,9,13,21,0,27,27,27,34,13,14,22,0,28,28,28,34,14,12,23,0,29,29,29,34,23,24,14,0,30,30,30,34,19,25,18,0,31,31,31,34,21,22,19,0,32,32,32,34,21,19,20,0,33,33,33,34,22,26,27,0,34,34,34,34,13,22,21,0,35,35,35,34,0,2,28,0,36,36,36,34,28,29,0,0,37,37,37,34,2,4,30,0,38,38,38,34,30,28,2,0,39,39,39,34,4,7,31,0,40,40,40,34,31,30,4,0,41,41,41,34,10,0,29,0,42,42,42,34,29,32,10,0,43,43,43,34,12,10,32,0,44,44,44,34,32,33,12,0,45,45,45,34,7,17,34,0,46,46,46,34,34,31,7,0,47,47,47,34,35,34,17,0,48,48,48,34,19,22,27,0,49,49,49,34,19,27,36,0,49,49,49,34,19,36,37,0,49,49,49,34,25,19,37,0,49,49,49,34,17,16,18,0,50,50,50,34,18,25,37,0,51,51,51,34,17,18,37,0,50,50,50,34,17,37,35,0,52,52,52,34,14,24,26,0,53,53,53,34,26,22,14,0,53,53,53,34,23,12,33,0,54,54,54,34,33,38,23,0,55,55,55]

}
