{

    "metadata" :
    {
        "formatVersion" : 3.1,
        "sourceFile"    : "wakesleeper_closedeyes.obj",
        "generatedBy"   : "OBJConverter",
        "vertices"      : 20,
        "faces"         : 16,
        "normals"       : 20,
        "colors"        : 0,
        "uvs"           : 0,
        "materials"     : 0
    },

    "scale" : 3,

    "materials": [  {
    "DbgColor" : 15658734,
    "DbgIndex" : 0,
    "DbgName" : "default"
    }],

    "vertices": [1.213000,-0.130000,-0.908000,1.191000,-0.154000,-0.875000,1.204000,-0.142000,-0.880000,1.229000,-0.162000,-0.798000,1.207000,-0.179000,-0.793000,1.241000,-0.192000,-0.761000,1.257000,-0.180000,-0.764000,1.190000,-0.171000,-0.831000,1.212000,-0.154000,-0.839000,1.293000,-0.194000,-0.737000,1.213000,-0.130000,-1.201000,1.204000,-0.142000,-1.229000,1.191000,-0.154000,-1.234000,1.229000,-0.162000,-1.311000,1.257000,-0.180000,-1.345000,1.241000,-0.192000,-1.348000,1.207000,-0.179000,-1.316000,1.190000,-0.171000,-1.278000,1.212000,-0.154000,-1.270000,1.293000,-0.194000,-1.372000],

    "morphTargets": [],

    "morphColors": [],

    "normals": [-0.662,0.742,0.106,-0.582,0.764,0.279,-0.636,0.749,0.187,-0.431,0.732,0.528,-0.441,0.736,0.514,-0.356,0.644,0.677,-0.346,0.628,0.697,-0.5,0.795,0.343,-0.509,0.794,0.333,-0.319,0.602,0.732,-0.662,0.742,-0.106,-0.636,0.749,-0.187,-0.582,0.764,-0.279,-0.431,0.732,-0.528,-0.346,0.628,-0.697,-0.356,0.644,-0.677,-0.441,0.736,-0.514,-0.5,0.795,-0.343,-0.509,0.794,-0.333,-0.319,0.602,-0.732],

    "colors": [],

    "uvs": [[]],

    "faces": [34,0,1,2,0,0,1,2,34,3,4,5,0,3,4,5,34,5,6,3,0,5,6,3,34,7,4,3,0,7,4,3,34,3,8,7,0,3,8,7,34,1,7,8,0,1,7,8,34,8,2,1,0,8,2,1,34,6,5,9,0,6,5,9,34,10,11,12,0,10,11,12,34,13,14,15,0,13,14,15,34,15,16,13,0,15,16,13,34,17,18,13,0,17,18,13,34,13,16,17,0,13,16,17,34,12,11,18,0,12,11,18,34,18,17,12,0,18,17,12,34,14,19,15,0,14,19,15]

}
