{

    "metadata" :
    {
        "formatVersion" : 3.1,
        "sourceFile"    : "wakesleeper_openeyes.obj",
        "generatedBy"   : "OBJConverter",
        "vertices"      : 20,
        "faces"         : 16,
        "normals"       : 20,
        "colors"        : 0,
        "uvs"           : 0,
        "materials"     : 0
    },

    "scale" : 3,

    "materials": [  {
    "DbgColor" : 15658734,
    "DbgIndex" : 0,
    "DbgName" : "default"
    }],

    "vertices": [1.243000,-0.105000,-0.895000,1.213000,-0.130000,-0.908000,1.191000,-0.154000,-0.875000,1.241000,-0.192000,-0.761000,1.307000,-0.142000,-0.773000,1.297000,-0.111000,-0.814000,1.207000,-0.179000,-0.793000,1.279000,-0.103000,-0.861000,1.190000,-0.171000,-0.831000,1.293000,-0.194000,-0.737000,1.243000,-0.105000,-1.214000,1.191000,-0.154000,-1.234000,1.213000,-0.130000,-1.201000,1.241000,-0.192000,-1.348000,1.207000,-0.179000,-1.316000,1.297000,-0.111000,-1.295000,1.307000,-0.142000,-1.336000,1.279000,-0.103000,-1.248000,1.190000,-0.171000,-1.278000,1.293000,-0.194000,-1.372000],

    "morphTargets": [],

    "morphColors": [],

    "normals": [-0.532,0.778,0.334,-0.662,0.742,0.106,-0.617,0.75,0.239,-0.353,0.65,0.673,-0.376,0.657,0.653,-0.468,0.749,0.469,-0.435,0.747,0.503,-0.486,0.787,0.38,-0.504,0.782,0.366,-0.319,0.602,0.732,-0.532,0.778,-0.334,-0.617,0.75,-0.239,-0.662,0.742,-0.106,-0.353,0.65,-0.673,-0.435,0.747,-0.503,-0.468,0.749,-0.469,-0.376,0.657,-0.653,-0.486,0.787,-0.38,-0.504,0.782,-0.366,-0.319,0.602,-0.732],

    "colors": [],

    "uvs": [[]],

    "faces": [34,0,1,2,0,0,1,2,34,3,4,5,0,3,4,5,34,5,6,3,0,5,6,3,34,7,8,6,0,7,8,6,34,6,5,7,0,6,5,7,34,3,9,4,0,3,9,4,34,0,2,8,0,0,2,8,34,8,7,0,0,8,7,0,34,10,11,12,0,10,11,12,34,13,14,15,0,13,14,15,34,15,16,13,0,15,16,13,34,17,15,14,0,17,15,14,34,14,18,17,0,14,18,17,34,13,16,19,0,13,16,19,34,10,17,18,0,10,17,18,34,18,11,10,0,18,11,10]

}
