{

    "metadata" :
    {
        "formatVersion" : 3.1,
        "sourceFile"    : "wakepillows.obj",
        "generatedBy"   : "OBJConverter",
        "vertices"      : 56,
        "faces"         : 92,
        "normals"       : 59,
        "colors"        : 0,
        "uvs"           : 0,
        "materials"     : 0
    },

    "scale" : 3,

    "materials": [  {
    "DbgColor" : 15658734,
    "DbgIndex" : 0,
    "DbgName" : "default"
    }],

    "vertices": [2.209000,-0.970000,1.527000,2.209000,-0.969000,1.527000,1.577000,-1.004000,1.527000,1.577000,-1.006000,1.527000,1.639000,-0.880000,1.359000,1.410000,-1.027000,1.359000,1.410000,-1.028000,1.359000,2.377000,-0.969000,1.359000,2.377000,-0.970000,1.359000,2.209000,-0.822000,1.359000,1.410000,-1.027000,0.060000,1.639000,-0.880000,0.060000,1.410000,-1.028000,0.060000,2.377000,-0.969000,0.060000,2.377000,-0.970000,0.060000,2.209000,-0.822000,0.060000,1.577000,-1.004000,-0.107000,1.577000,-1.006000,-0.107000,2.209000,-0.969000,-0.107000,2.209000,-0.970000,-0.107000,1.512000,-1.177000,1.527000,2.216000,-1.177000,1.527000,1.323000,-1.177000,1.359000,2.405000,-1.177000,1.359000,1.323000,-1.177000,0.060000,2.405000,-1.177000,0.060000,1.512000,-1.177000,-0.107000,2.216000,-1.177000,-0.107000,2.209000,-0.970000,-0.252000,2.209000,-0.969000,-0.252000,1.577000,-1.004000,-0.252000,1.577000,-1.006000,-0.252000,1.639000,-0.880000,-0.420000,1.410000,-1.027000,-0.420000,1.410000,-1.028000,-0.420000,2.377000,-0.969000,-0.420000,2.377000,-0.970000,-0.420000,2.209000,-0.822000,-0.420000,1.410000,-1.027000,-1.719000,1.639000,-0.880000,-1.719000,1.410000,-1.028000,-1.719000,2.377000,-0.969000,-1.719000,2.377000,-0.970000,-1.719000,2.209000,-0.822000,-1.719000,1.577000,-1.004000,-1.886000,1.577000,-1.006000,-1.886000,2.209000,-0.969000,-1.886000,2.209000,-0.970000,-1.886000,1.512000,-1.177000,-0.252000,2.216000,-1.177000,-0.252000,1.323000,-1.177000,-0.420000,2.405000,-1.177000,-0.420000,1.323000,-1.177000,-1.719000,2.405000,-1.177000,-1.719000,1.512000,-1.177000,-1.886000,2.216000,-1.177000,-1.886000],

    "morphTargets": [],

    "morphColors": [],

    "normals": [-0,-0,1,-0.525,0.721,0.452,-0.675,-0,0.738,0.675,-0,0.738,0.56,0.56,0.611,-0.047,0.743,0.668,-0.078,0.673,0.736,-0.589,0.808,0,-1,0,-0,1,0,-0,0.707,0.707,0,-0.115,0.993,0,-0.525,0.721,-0.452,-0.675,0,-0.738,0.675,0,-0.738,0.56,0.56,-0.611,-0.086,0.749,-0.657,-0.043,0.674,-0.737,0,0,-1,-0.663,0.338,0.668,-0.616,0.203,0.762,0.675,0.018,0.738,0.627,0.075,0.775,-0.891,0.454,0,0.993,0.119,-0,-0.677,0.223,-0.702,-0.599,0.305,-0.741,0.673,0.081,-0.735,0.629,0.017,-0.778,-0,-0,1,-0.525,0.721,0.452,-0.675,-0,0.738,0.675,-0,0.738,0.56,0.56,0.611,-0.047,0.743,0.668,-0.078,0.673,0.736,-0.589,0.808,0,-1,0,-0,1,0,-0,0.707,0.707,0,-0.115,0.993,0,-0.525,0.721,-0.452,-0.675,0,-0.738,0.675,0,-0.738,0.56,0.56,-0.611,-0.086,0.749,-0.657,-0.043,0.674,-0.737,0,0,-1,-0.663,0.338,0.668,-0.616,0.203,0.762,0.675,0.018,0.738,0.627,0.075,0.775,-0.891,0.454,0,0.993,0.119,0,0.993,0.119,-0,-0.677,0.223,-0.702,-0.599,0.305,-0.741,0.673,0.081,-0.735,0.629,0.017,-0.778],

    "colors": [],

    "uvs": [[]],

    "faces": [34,0,1,2,0,0,0,0,34,2,3,0,0,0,0,0,34,2,4,5,0,1,1,1,34,6,3,2,0,2,2,2,34,2,5,6,0,2,2,2,34,7,1,0,0,3,3,3,34,0,8,7,0,3,3,3,34,1,7,9,0,4,4,4,34,4,2,1,0,5,5,5,34,1,9,4,0,6,6,6,34,10,5,4,0,7,7,7,34,4,11,10,0,7,7,7,34,12,6,5,0,8,8,8,34,5,10,12,0,8,8,8,34,13,7,8,0,9,9,9,34,8,14,13,0,9,9,9,34,15,9,7,0,10,10,10,34,7,13,15,0,10,10,10,34,11,4,9,0,11,11,11,34,9,15,11,0,11,11,11,34,11,16,10,0,12,12,12,34,17,12,10,0,13,13,13,34,10,16,17,0,13,13,13,34,18,13,14,0,14,14,14,34,14,19,18,0,14,14,14,34,13,18,15,0,15,15,15,34,16,11,15,0,16,16,16,34,15,18,16,0,17,17,17,34,17,16,18,0,18,18,18,34,18,19,17,0,18,18,18,34,0,3,20,0,0,0,0,34,20,21,0,0,0,0,0,34,3,6,22,0,19,19,19,34,22,20,3,0,20,20,20,34,8,0,21,0,21,21,21,34,21,23,8,0,22,22,22,34,6,12,24,0,23,23,23,34,24,22,6,0,23,23,23,34,14,8,23,0,24,24,24,34,23,25,14,0,24,24,24,34,12,17,26,0,25,25,25,34,26,24,12,0,26,26,26,34,17,19,27,0,18,18,18,34,27,26,17,0,18,18,18,34,19,14,25,0,27,27,27,34,25,27,19,0,28,28,28,34,28,29,30,0,29,29,29,34,30,31,28,0,29,29,29,34,30,32,33,0,30,30,30,34,34,31,30,0,31,31,31,34,30,33,34,0,31,31,31,34,35,29,28,0,32,32,32,34,28,36,35,0,32,32,32,34,29,35,37,0,33,33,33,34,32,30,29,0,34,34,34,34,29,37,32,0,35,35,35,34,38,33,32,0,36,36,36,34,32,39,38,0,36,36,36,34,40,34,33,0,37,37,37,34,33,38,40,0,37,37,37,34,41,35,36,0,38,38,38,34,36,42,41,0,38,38,38,34,43,37,35,0,39,39,39,34,35,41,43,0,39,39,39,34,39,32,37,0,40,40,40,34,37,43,39,0,40,40,40,34,39,44,38,0,41,41,41,34,45,40,38,0,42,42,42,34,38,44,45,0,42,42,42,34,46,41,42,0,43,43,43,34,42,47,46,0,43,43,43,34,41,46,43,0,44,44,44,34,44,39,43,0,45,45,45,34,43,46,44,0,46,46,46,34,45,44,46,0,47,47,47,34,46,47,45,0,47,47,47,34,28,31,48,0,29,29,29,34,48,49,28,0,29,29,29,34,31,34,50,0,48,48,48,34,50,48,31,0,49,49,49,34,36,28,49,0,50,50,50,34,49,51,36,0,51,51,51,34,34,40,52,0,52,52,52,34,52,50,34,0,52,52,52,34,42,36,51,0,53,53,53,34,51,53,42,0,54,54,54,34,40,45,54,0,55,55,55,34,54,52,40,0,56,56,56,34,45,47,55,0,47,47,47,34,55,54,45,0,47,47,47,34,47,42,53,0,57,57,57,34,53,55,47,0,58,58,58]

}
