{

    "metadata" :
    {
        "formatVersion" : 3.1,
        "sourceFile"    : "wakesleeperl.obj",
        "generatedBy"   : "OBJConverter",
        "vertices"      : 149,
        "faces"         : 267,
        "normals"       : 206,
        "colors"        : 0,
        "uvs"           : 0,
        "materials"     : 0
    },

    "scale" : 3,

    "materials": [  {
    "DbgColor" : 15658734,
    "DbgIndex" : 0,
    "DbgName" : "default"
    }],

    "vertices": [0.831000,-0.362000,-1.062000,0.851000,-0.437000,-1.482000,-0.711000,-0.475000,-1.062000,0.920000,-0.669000,-1.790000,-0.860000,-0.620000,-1.523000,-1.854000,-0.707000,-1.062000,0.993000,-0.937000,-1.884000,-0.729000,-0.945000,-1.758000,-1.789000,-0.974000,-1.485000,-2.220000,-0.957000,-1.062000,0.851000,-0.437000,-0.641000,-0.860000,-0.620000,-0.601000,0.911000,-0.622000,-0.362000,-1.789000,-0.974000,-0.638000,-0.729000,-0.854000,-0.366000,-0.758000,-1.021000,-1.848000,1.081000,-1.022000,-1.975000,-0.816000,-1.049000,-1.975000,-1.507000,-1.065000,-1.975000,-2.409000,-1.068000,-1.631000,-1.926000,-1.027000,-1.502000,-2.328000,-1.033000,-1.062000,-2.409000,-1.052000,-0.610000,-1.077000,-0.929000,-0.194000,0.955000,-0.669000,-0.194000,-2.409000,-1.117000,-1.975000,-2.409000,-1.101000,-0.194000,-1.299000,-0.960000,-0.194000,0.831000,-0.442000,-1.073000,0.851000,-0.520000,-1.446000,0.920000,-0.752000,-1.746000,0.993000,-1.020000,-1.837000,0.851000,-0.519000,-0.667000,0.911000,-0.703000,-0.373000,1.081000,-1.104000,-1.926000,1.071000,-1.172000,-1.975000,-2.409000,-1.172000,-0.194000,-2.409000,-1.172000,-1.975000,0.956000,-0.752000,-0.194000,1.049000,-0.397000,-1.287000,1.009000,-0.648000,-1.191000,0.986000,-0.621000,-1.060000,1.010000,-0.350000,-1.060000,1.156000,-0.524000,-1.454000,1.071000,-0.722000,-1.287000,1.302000,-0.699000,-1.515000,1.155000,-0.822000,-1.322000,1.448000,-0.873000,-1.454000,1.240000,-0.923000,-1.287000,1.555000,-1.000000,-1.287000,1.301000,-0.996000,-1.191000,1.595000,-1.047000,-1.060000,1.324000,-1.023000,-1.060000,1.211000,-0.182000,-1.322000,1.166000,-0.128000,-1.060000,1.335000,-0.329000,-1.515000,1.503000,-0.530000,-1.585000,1.672000,-0.731000,-1.515000,1.796000,-0.878000,-1.322000,1.841000,-0.932000,-1.060000,1.451000,-0.059000,-1.287000,1.412000,-0.013000,-1.060000,1.558000,-0.187000,-1.454000,1.705000,-0.361000,-1.515000,1.851000,-0.535000,-1.454000,1.958000,-0.663000,-1.287000,1.997000,-0.709000,-1.060000,1.706000,-0.063000,-1.191000,1.683000,-0.036000,-1.060000,1.767000,-0.137000,-1.287000,1.852000,-0.238000,-1.322000,1.936000,-0.338000,-1.287000,1.998000,-0.412000,-1.191000,2.020000,-0.439000,-1.060000,1.906000,-0.192000,-1.060000,0.877000,-0.619000,-1.547000,0.863000,-0.569000,-1.060000,0.963000,-0.723000,-1.653000,1.080000,-0.865000,-1.691000,1.197000,-1.007000,-1.652000,1.282000,-1.111000,-1.544000,1.327000,-1.115000,-1.060000,0.682000,-0.528000,-1.060000,0.753000,-0.601000,-1.602000,0.247000,-0.572000,-1.430000,0.092000,-0.498000,-1.060000,0.841000,-0.730000,-1.724000,0.428000,-0.785000,-1.660000,0.970000,-0.910000,-1.781000,0.646000,-1.010000,-1.781000,1.102000,-1.076000,-1.741000,0.803000,-1.168000,-1.741000,1.192000,-1.175000,-1.670000,0.809000,-1.175000,-1.737000,1.259000,-1.175000,-1.593000,1.311000,-1.175000,-1.060000,-1.101000,-0.765000,-1.321000,-1.101000,-0.709000,-1.060000,-1.100000,-0.926000,-1.483000,-1.098000,-1.097000,-1.568000,0.556000,-1.175000,-1.715000,-1.098000,-1.175000,-1.549000,-1.098000,-1.175000,-1.060000,1.049000,-0.397000,-0.833000,1.009000,-0.648000,-0.929000,1.156000,-0.524000,-0.666000,1.071000,-0.722000,-0.833000,1.302000,-0.699000,-0.605000,1.155000,-0.822000,-0.797000,1.448000,-0.873000,-0.666000,1.240000,-0.923000,-0.833000,1.555000,-1.000000,-0.833000,1.301000,-0.996000,-0.929000,1.211000,-0.182000,-0.797000,1.335000,-0.329000,-0.605000,1.503000,-0.530000,-0.535000,1.672000,-0.731000,-0.605000,1.796000,-0.878000,-0.797000,1.451000,-0.059000,-0.833000,1.558000,-0.187000,-0.666000,1.705000,-0.361000,-0.605000,1.851000,-0.535000,-0.666000,1.958000,-0.663000,-0.833000,1.706000,-0.063000,-0.929000,1.767000,-0.137000,-0.833000,1.852000,-0.238000,-0.797000,1.936000,-0.338000,-0.833000,1.998000,-0.412000,-0.929000,0.877000,-0.619000,-0.573000,0.963000,-0.723000,-0.467000,1.080000,-0.865000,-0.428000,1.197000,-1.007000,-0.468000,1.282000,-1.111000,-0.576000,0.247000,-0.572000,-0.690000,0.753000,-0.601000,-0.518000,0.428000,-0.785000,-0.459000,0.841000,-0.730000,-0.396000,0.646000,-1.010000,-0.339000,0.970000,-0.910000,-0.339000,0.803000,-1.168000,-0.379000,1.102000,-1.076000,-0.379000,0.809000,-1.175000,-0.383000,1.192000,-1.175000,-0.450000,1.259000,-1.175000,-0.527000,-1.101000,-0.765000,-0.799000,-1.100000,-0.926000,-0.637000,-1.098000,-1.097000,-0.552000,-1.098000,-1.175000,-0.570000,0.556000,-1.175000,-0.405000],

    "morphTargets": [],

    "morphColors": [],