{

    "metadata" :
    {
        "formatVersion" : 3.1,
        "sourceFile"    : "wakesleeper.obj",
        "generatedBy"   : "OBJConverter",
        "vertices"      : 110,
        "faces"         : 206,
        "normals"       : 150,
        "colors"        : 0,
        "uvs"           : 0,
        "materials"     : 0
    },

    "scale" : 3,

    "materials": [  {
    "DbgColor" : 15658734,
    "DbgIndex" : 0,
    "DbgName" : "default"
    }],

    "vertices": [1.049000,-0.397000,-1.287000,1.009000,-0.648000,-1.191000,0.986000,-0.621000,-1.060000,1.010000,-0.350000,-1.060000,1.156000,-0.524000,-1.454000,1.071000,-0.722000,-1.287000,1.302000,-0.699000,-1.515000,1.155000,-0.822000,-1.322000,1.448000,-0.873000,-1.454000,1.240000,-0.923000,-1.287000,1.555000,-1.000000,-1.287000,1.301000,-0.996000,-1.191000,1.595000,-1.047000,-1.060000,1.324000,-1.023000,-1.060000,1.211000,-0.182000,-1.322000,1.166000,-0.128000,-1.060000,1.335000,-0.329000,-1.515000,1.503000,-0.530000,-1.585000,1.672000,-0.731000,-1.515000,1.796000,-0.878000,-1.322000,1.841000,-0.932000,-1.060000,1.451000,-0.059000,-1.287000,1.412000,-0.013000,-1.060000,1.558000,-0.187000,-1.454000,1.705000,-0.361000,-1.515000,1.851000,-0.535000,-1.454000,1.958000,-0.663000,-1.287000,1.997000,-0.709000,-1.060000,1.706000,-0.063000,-1.191000,1.683000,-0.036000,-1.060000,1.767000,-0.137000,-1.287000,1.852000,-0.238000,-1.322000,1.936000,-0.338000,-1.287000,1.998000,-0.412000,-1.191000,2.020000,-0.439000,-1.060000,1.906000,-0.192000,-1.060000,0.877000,-0.619000,-1.547000,0.863000,-0.569000,-1.060000,0.963000,-0.723000,-1.653000,1.080000,-0.865000,-1.691000,1.197000,-1.007000,-1.652000,1.282000,-1.111000,-1.544000,1.327000,-1.115000,-1.060000,0.682000,-0.528000,-1.060000,0.753000,-0.601000,-1.602000,0.247000,-0.572000,-1.430000,0.092000,-0.498000,-1.060000,0.841000,-0.730000,-1.724000,0.428000,-0.785000,-1.660000,0.970000,-0.910000,-1.781000,0.646000,-1.010000,-1.781000,1.102000,-1.076000,-1.741000,0.803000,-1.168000,-1.741000,1.192000,-1.175000,-1.670000,0.809000,-1.175000,-1.737000,1.259000,-1.175000,-1.593000,1.311000,-1.175000,-1.060000,-1.101000,-0.765000,-1.321000,-1.101000,-0.709000,-1.060000,-1.100000,-0.926000,-1.483000,-1.098000,-1.097000,-1.568000,0.556000,-1.175000,-1.715000,-1.098000,-1.175000,-1.549000,-1.098000,-1.175000,-1.060000,1.049000,-0.397000,-0.833000,1.009000,-0.648000,-0.929000,1.156000,-0.524000,-0.666000,1.071000,-0.722000,-0.833000,1.302000,-0.699000,-0.605000,1.155000,-0.822000,-0.797000,1.448000,-0.873000,-0.666000,1.240000,-0.923000,-0.833000,1.555000,-1.000000,-0.833000,1.301000,-0.996000,-0.929000,1.211000,-0.182000,-0.797000,1.335000,-0.329000,-0.605000,1.503000,-0.530000,-0.535000,1.672000,-0.731000,-0.605000,1.796000,-0.878000,-0.797000,1.451000,-0.059000,-0.833000,1.558000,-0.187000,-0.666000,1.705000,-0.361000,-0.605000,1.851000,-0.535000,-0.666000,1.958000,-0.663000,-0.833000,1.706000,-0.063000,-0.929000,1.767000,-0.137000,-0.833000,1.852000,-0.238000,-0.797000,1.936000,-0.338000,-0.833000,1.998000,-0.412000,-0.929000,0.877000,-0.619000,-0.573000,0.963000,-0.723000,-0.467000,1.080000,-0.865000,-0.428000,1.197000,-1.007000,-0.468000,1.282000,-1.111000,-0.576000,0.247000,-0.572000,-0.690000,0.753000,-0.601000,-0.518000,0.428000,-0.785000,-0.459000,0.841000,-0.730000,-0.396000,0.646000,-1.010000,-0.339000,0.970000,-0.910000,-0.339000,0.803000,-1.168000,-0.379000,1.102000,-1.076000,-0.379000,0.809000,-1.175000,-0.383000,1.192000,-1.175000,-0.450000,1.259000,-1.175000,-0.527000,-1.101000,-0.765000,-0.799000,-1.100000,-0.926000,-0.637000,-1.098000,-1.097000,-0.552000,-1.098000,-1.175000,-0.570000,0.556000,-1.175000,-0.405000],

    "morphTargets": [],

    "morphColors": [],

    "normals": [-0.979,0.086,-0.186,-0.859,-0.057,-0.509,-0.652,-0.304,-0.695,-0.413,-0.589,-0.695,-0.205,-0.836,-0.509,-0.086,-0.979,-0.186,-0.793,0.555,-0.251,-0.632,0.363,-0.685,-0.353,0.031,-0.935,-0.031,-0.353,-0.935,0.248,-0.685,-0.685,0.409,-0.877,-0.251,-0.409,0.877,-0.251,-0.248,0.685,-0.685,0.031,0.353,-0.935,0.353,-0.031,-0.935,0.632,-0.363,-0.685,0.793,-0.555,-0.251,0.086,0.979,-0.186,0.205,0.836,-0.509,0.413,0.589,-0.695,0.652,0.304,-0.695,0.859,0.057,-0.509,0.979,-0.086,-0.186,0.572,0.817,-0.069,0.617,0.764,-0.189,0.694,0.672,-0.258,0.783,0.566,-0.258,0.86,0.475,-0.189,0.904,0.422,-0.069,0.465,0.879,-0.1,0.383,0.92,-0.082,0.62,0.763,-0.186,0.659,0.729,-0.185,0.707,0.671,-0.223,0.724,0.654,-0.217,0.784,0.578,-0.226,0.782,0.58,-0.228,0.863,0.466,-0.198,0.85,0.482,-0.212,0.986,0.033,-0.163,0.989,0.114,-0.09,0.012,0.991,-0.132,0.05,0.983,-0.175,-0.2,0.602,-0.773,-0.217,0.626,-0.749,-0.076,0.249,-0.966,-0.186,0.318,-0.93,0.059,-0.189,-0.98,0.058,-0.189,-0.98,0.151,-0.483,-0.862,0.136,-0.439,-0.888,0.186,0.977,-0.107,0.222,0.971,-0.091,0.296,0.757,-0.583,0.337,0.794,-0.506,0.4,0.524,-0.751,0.404,0.532,-0.744,0.56,0.254,-0.789,0.556,0.235,-0.797,0.738,0.218,-0.638,0.723,-0.111,-0.682,0.957,-0.275,-0.093,0.962,-0.259,-0.091,-0.157,0.954,-0.256,-0.17,0.963,-0.207,-0.147,0.667,-0.731,-0.157,0.7,-0.697,-0.131,0.367,-0.921,-0.144,0.44,-0.886,-0.097,-0.227,-0.969,-0.098,-0.333,-0.938,-0.071,-0.583,-0.81,-1,-0.007,-0,-1,-0.004,-0.002,-0.979,0.086,0.186,-0.859,-0.057,0.509,-0.652,-0.304,0.695,-0.413,-0.589,0.695,-0.205,-0.836,0.509,-0.086,-0.979,0.186,-0.793,0.555,0.251,-0.632,0.363,0.685,-0.353,0.031,0.935,-0.031,-0.353,0.935,0.248,-0.685,0.685,0.409,-0.877,0.251,-0.409,0.877,0.251,-0.248,0.685,0.685,0.031,0.353,0.935,0.353,-0.031,0.935,0.632,-0.363,0.685,0.793,-0.555,0.251,0.086,0.979,0.186,0.205,0.836,0.509,0.413,0.589,0.695,0.652,0.304,0.695,0.859,0.057,0.509,0.979,-0.086,0.186,0.572,0.817,0.069,0.617,0.764,0.189,0.694,0.672,0.258,0.783,0.566,0.258,0.86,0.475,0.189,0.904,0.422,0.069,0.383,0.92,0.082,0.465,0.879,0.1,0.659,0.729,0.185,0.62,0.763,0.186,0.724,0.654,0.217,0.707,0.671,0.223,0.782,0.58,0.228,0.784,0.578,0.226,0.85,0.482,0.212,0.863,0.466,0.198,0.989,0.114,0.09,0.986,0.033,0.163,0.05,0.983,0.175,0.012,0.991,0.132,-0.217,0.626,0.749,-0.2,0.602,0.773,-0.186,0.318,0.93,-0.076,0.249,0.966,0.058,-0.189,0.98,0.059,-0.189,0.98,0.136,-0.439,0.888,0.151,-0.483,0.862,0.222,0.971,0.091,0.186,0.977,0.107,0.337,0.794,0.506,0.296,0.757,0.583,0.404,0.532,0.744,0.4,0.524,0.751,0.556,0.235,0.797,0.56,0.254,0.789,0.723,-0.111,0.682,0.738,0.218,0.638,0.957,-0.275,0.093,0.962,-0.259,0.091,-0.17,0.963,0.207,-0.157,0.954,0.256,-0.157,0.7,0.697,-0.147,0.667,0.731,-0.144,0.44,0.886,-0.131,0.367,0.921,-0.097,-0.227,0.969,-0.098,-0.333,0.938,-0.071,-0.583,0.81,-1,-0.007,0,-1,-0.004,0.002],

    "colors": [],

    "uvs": [[]],