{

    "metadata" :
    {
        "formatVersion" : 3.1,
        "sourceFile"    : "sbmodal-x.obj",
        "generatedBy"   : "OBJConverter",
        "vertices"      : 32,
        "faces"         : 60,
        "normals"       : 20,
        "colors"        : 0,
        "uvs"           : 0,
        "materials"     : 0
    },

    "scale" : 2.85,

    "materials": [  {
    "DbgColor" : 15658734,
    "DbgIndex" : 0,
    "DbgName" : "default"
    }],

    "vertices": [1.430000,0.780000,0.150000,1.430000,0.780000,0.210000,1.470000,0.810000,0.210000,1.470000,0.810000,0.150000,1.320000,0.940000,0.150000,1.320000,0.940000,0.210000,1.290000,0.910000,0.210000,1.290000,0.910000,0.150000,1.430000,0.940000,0.150000,1.430000,0.940000,0.210000,1.380000,0.890000,0.210000,1.380000,0.890000,0.150000,1.320000,0.780000,0.150000,1.320000,0.780000,0.210000,1.380000,0.830000,0.210000,1.380000,0.830000,0.150000,1.290000,0.810000,0.150000,1.350000,0.860000,0.150000,1.350000,0.860000,0.210000,1.290000,0.810000,0.210000,1.470000,0.910000,0.150000,1.410000,0.860000,0.150000,1.410000,0.860000,0.210000,1.470000,0.910000,0.210000,1.590000,1.060000,0.210000,1.590000,0.720000,-0.100000,1.590000,1.060000,-0.100000,1.590000,0.720000,0.210000,1.170000,1.060000,0.210000,1.170000,0.720000,0.210000,1.170000,0.720000,-0.100000,1.170000,1.060000,-0.100000],

    "morphTargets": [],

    "morphColors": [],

    "normals": [-0.72,0.69,-0,-0.72,0.69,0,0.72,-0.69,-0,0.71,-0.7,0.04,0.74,-0.67,-0,-0.72,0.7,0,-0.72,0.69,-0.01,0,-0,1,-0.72,-0.7,-0,0.72,0.7,0,-0.72,-0.69,-0,-0.72,-0.69,0,0.72,0.69,0,0.72,0.69,-0,1,-0,-0,1,0,-0,0,-1,-0,0,1,-0,0,0,-1,-1,-0,0],

    "colors": [],

    "uvs": [[]],

    "faces": [34,0,1,2,0,0,0,0,34,2,3,0,0,1,1,1,34,4,5,6,0,2,2,2,34,6,7,4,0,2,2,2,34,8,9,10,0,2,2,2,34,10,11,8,0,2,2,2,34,12,13,14,0,1,1,1,34,14,15,12,0,0,0,0,34,16,17,18,0,3,3,3,34,18,19,16,0,4,4,4,34,20,21,22,0,5,5,5,34,22,23,20,0,6,6,6,34,0,3,21,0,7,7,7,34,21,15,0,0,7,7,7,34,17,15,21,0,7,7,7,34,21,11,17,0,7,7,7,34,15,17,16,0,7,7,7,34,16,12,15,0,7,7,7,34,17,11,4,0,7,7,7,34,4,7,17,0,7,7,7,34,11,21,20,0,7,7,7,34,20,8,11,0,7,7,7,34,3,2,22,0,8,8,8,34,22,21,3,0,8,8,8,34,7,6,18,0,9,9,9,34,18,17,7,0,9,9,9,34,11,10,5,0,10,10,10,34,5,4,11,0,11,11,11,34,15,14,1,0,12,12,12,34,1,0,15,0,13,13,13,34,20,23,9,0,10,10,10,34,9,8,20,0,11,11,11,34,16,19,13,0,12,12,12,34,13,12,16,0,12,12,12,34,23,24,9,0,7,7,7,34,19,18,6,0,7,7,7,34,5,10,9,0,7,7,7,34,22,2,23,0,7,7,7,34,14,13,1,0,7,7,7,34,25,26,24,0,14,14,14,34,24,27,25,0,15,15,15,34,27,24,23,0,7,7,7,34,27,23,2,0,7,7,7,34,27,2,1,0,7,7,7,34,5,9,24,0,7,7,7,34,5,24,28,0,7,7,7,34,6,5,28,0,7,7,7,34,19,6,28,0,7,7,7,34,19,28,29,0,7,7,7,34,13,19,29,0,7,7,7,34,1,13,29,0,7,7,7,34,27,1,29,0,7,7,7,34,30,25,27,0,16,16,16,34,27,29,30,0,16,16,16,34,31,28,24,0,17,17,17,34,24,26,31,0,17,17,17,34,30,31,26,0,18,18,18,34,26,25,30,0,18,18,18,34,28,31,30,0,19,19,19,34,30,29,28,0,19,19,19]

}
