{

    "metadata" :
    {
        "formatVersion" : 3.1,
        "sourceFile"    : "sbmodal-xbutton.obj",
        "generatedBy"   : "OBJConverter",
        "vertices"      : 24,
        "faces"         : 34,
        "normals"       : 14,
        "colors"        : 0,
        "uvs"           : 0,
        "materials"     : 0
    },

    "scale" : 2.85,

    "materials": [  {
    "DbgColor" : 15658734,
    "DbgIndex" : 0,
    "DbgName" : "default"
    }],

    "vertices": [1.430000,0.780000,0.160000,1.470000,0.810000,0.160000,1.410000,0.860000,0.160000,1.380000,0.830000,0.160000,1.350000,0.860000,0.160000,1.380000,0.890000,0.160000,1.290000,0.810000,0.160000,1.320000,0.780000,0.160000,1.320000,0.940000,0.160000,1.290000,0.910000,0.160000,1.470000,0.910000,0.160000,1.430000,0.940000,0.160000,1.430000,0.780000,0.080000,1.470000,0.810000,0.080000,1.410000,0.860000,0.080000,1.470000,0.910000,0.080000,1.430000,0.940000,0.080000,1.380000,0.890000,0.080000,1.320000,0.940000,0.080000,1.290000,0.910000,0.080000,1.350000,0.860000,0.080000,1.290000,0.810000,0.080000,1.320000,0.780000,0.080000,1.380000,0.830000,0.080000],

    "morphTargets": [],

    "morphColors": [],

    "normals": [0,0,1,-0,0,1,0,-0,1,0.72,-0.69,-0,0.72,0.7,-0,0.72,-0.7,-0,0.72,0.69,-0,-0.72,0.69,0,0.72,0.69,0,-0.72,-0.7,-0,-0.72,-0.7,0,-0.72,0.7,0,-0.72,-0.69,-0,-0.72,-0.69,0],

    "colors": [],

    "uvs": [[]],

    "faces": [34,0,1,2,0,0,0,0,34,2,3,0,0,1,1,1,34,4,3,2,0,2,2,2,34,2,5,4,0,2,2,2,34,3,4,6,0,2,2,2,34,6,7,3,0,1,1,1,34,4,5,8,0,1,1,1,34,8,9,4,0,0,0,0,34,5,2,10,0,2,2,2,34,10,11,5,0,1,1,1,34,12,13,1,0,3,3,3,34,1,0,12,0,3,3,3,34,13,14,2,0,4,4,4,34,2,1,13,0,4,4,4,34,14,15,10,0,5,5,5,34,10,2,14,0,5,5,5,34,15,16,11,0,6,6,6,34,11,10,15,0,6,6,6,34,16,17,5,0,7,7,7,34,5,11,16,0,7,7,7,34,17,18,8,0,8,8,8,34,8,5,17,0,8,8,8,34,18,19,9,0,7,7,7,34,9,8,18,0,7,7,7,34,19,20,4,0,9,9,9,34,4,9,19,0,10,10,10,34,20,21,6,0,11,11,11,34,6,4,20,0,11,11,11,34,21,22,7,0,12,12,12,34,7,6,21,0,13,13,13,34,22,23,3,0,3,3,3,34,3,7,22,0,3,3,3,34,23,12,0,0,13,13,13,34,0,3,23,0,12,12,12]

}
