{

    "metadata" :
    {
        "formatVersion" : 3.1,
        "sourceFile"    : "modal-3.obj",
        "generatedBy"   : "OBJConverter",
        "vertices"      : 72,
        "faces"         : 140,
        "normals"       : 29,
        "colors"        : 0,
        "uvs"           : 0,
        "materials"     : 0
    },

    "scale" : 2.85,

    "materials": [  {
    "DbgColor" : 15658734,
    "DbgIndex" : 0,
    "DbgName" : "default"
    }],

    "vertices": [-1.810000,-0.990000,-0.100000,-1.810000,1.060000,-0.100000,1.590000,1.060000,-0.100000,1.590000,-0.990000,-0.100000,-1.810000,1.060000,0.210000,1.590000,1.060000,0.210000,1.430000,0.780000,0.150000,1.430000,0.780000,0.210000,1.470000,0.810000,0.210000,1.470000,0.810000,0.150000,1.320000,0.940000,0.150000,1.320000,0.940000,0.210000,1.290000,0.910000,0.210000,1.290000,0.910000,0.150000,1.430000,0.940000,0.150000,1.430000,0.940000,0.210000,1.380000,0.890000,0.210000,1.380000,0.890000,0.150000,1.320000,0.780000,0.150000,1.320000,0.780000,0.210000,1.380000,0.830000,0.210000,1.380000,0.830000,0.150000,1.290000,0.810000,0.150000,1.350000,0.860000,0.150000,1.350000,0.860000,0.210000,1.290000,0.810000,0.210000,1.470000,0.910000,0.150000,1.410000,0.860000,0.150000,1.410000,0.860000,0.210000,1.470000,0.910000,0.210000,-1.640000,0.380000,0.210000,1.420000,0.380000,0.210000,1.420000,0.380000,0.100000,-1.640000,0.380000,0.100000,1.420000,0.650000,0.210000,1.420000,0.650000,0.100000,-1.640000,0.650000,0.210000,-1.640000,0.650000,0.100000,-1.640000,0.240000,0.210000,-1.640000,-0.020000,0.210000,-1.640000,-0.020000,0.100000,-1.640000,0.240000,0.100000,1.420000,-0.020000,0.210000,1.420000,0.240000,0.210000,1.420000,0.240000,0.100000,1.420000,-0.020000,0.100000,-1.640000,-0.160000,0.210000,-1.640000,-0.420000,0.210000,-1.640000,-0.420000,0.100000,-1.640000,-0.160000,0.100000,1.420000,-0.420000,0.210000,1.420000,-0.160000,0.210000,1.420000,-0.160000,0.100000,1.420000,-0.420000,0.100000,-1.640000,-0.560000,0.100000,-1.640000,-0.560000,0.210000,-1.640000,-0.830000,0.210000,-1.640000,-0.830000,0.100000,1.420000,-0.830000,0.210000,1.420000,-0.830000,0.100000,1.420000,-0.560000,0.210000,1.420000,-0.560000,0.100000,-1.810000,-0.990000,0.210000,1.590000,-0.990000,0.210000,-0.090000,0.940000,0.210000,1.160000,0.940000,0.210000,1.160000,0.780000,0.210000,-0.090000,0.780000,0.210000,-0.090000,0.780000,0.130000,-0.090000,0.940000,0.130000,1.160000,0.940000,0.130000,1.160000,0.780000,0.130000],

    "morphTargets": [],

    "morphColors": [],

    "normals": [0,0,-1,0,1,-0,-0.72,0.69,-0,-0.72,0.69,0,0.72,-0.69,-0,0.71,-0.7,0.04,0.74,-0.67,-0,-0.72,0.7,0,-0.72,0.69,-0.01,0,-0,1,-0.72,-0.7,-0,0.72,0.7,0,-0.72,-0.69,-0,-0.72,-0.69,0,0.72,0.69,0,0.72,0.69,-0,0,1,0,-1,0,-0,1,0,-0,0,-1,-0,-1,-0,0,-0,-1,-0,-1,0,0,-1,-0,-0,1,-0,0,1,-0,-0,-0,0,1,-0,-0,1,-0,1,0],

    "colors": [],

    "uvs": [[]],

    "faces": [34,0,1,2,0,0,0,0,34,2,3,0,0,0,0,0,34,4,5,2,0,1,1,1,34,2,1,4,0,1,1,1,34,6,7,8,0,2,2,2,34,8,9,6,0,3,3,3,34,10,11,12,0,4,4,4,34,12,13,10,0,4,4,4,34,14,15,16,0,4,4,4,34,16,17,14,0,4,4,4,34,18,19,20,0,3,3,3,34,20,21,18,0,2,2,2,34,22,23,24,0,5,5,5,34,24,25,22,0,6,6,6,34,26,27,28,0,7,7,7,34,28,29,26,0,8,8,8,34,6,9,27,0,9,9,9,34,27,21,6,0,9,9,9,34,23,21,27,0,9,9,9,34,27,17,23,0,9,9,9,34,21,23,22,0,9,9,9,34,22,18,21,0,9,9,9,34,23,17,10,0,9,9,9,34,10,13,23,0,9,9,9,34,17,27,26,0,9,9,9,34,26,14,17,0,9,9,9,34,9,8,28,0,10,10,10,34,28,27,9,0,10,10,10,34,13,12,24,0,11,11,11,34,24,23,13,0,11,11,11,34,17,16,11,0,12,12,12,34,11,10,17,0,13,13,13,34,21,20,7,0,14,14,14,34,7,6,21,0,15,15,15,34,26,29,15,0,12,12,12,34,15,14,26,0,13,13,13,34,22,25,19,0,14,14,14,34,19,18,22,0,14,14,14,34,30,31,32,0,16,16,16,34,32,33,30,0,16,16,16,34,31,34,35,0,17,17,17,34,35,32,31,0,17,17,17,34,36,30,33,0,18,18,18,34,33,37,36,0,18,18,18,34,37,35,34,0,19,19,19,34,34,36,37,0,19,19,19,34,38,39,40,0,18,18,18,34,40,41,38,0,18,18,18,34,42,43,44,0,20,20,20,34,44,45,42,0,20,20,20,34,39,42,45,0,16,16,16,34,45,40,39,0,16,16,16,34,43,38,41,0,21,21,21,34,41,44,43,0,21,21,21,34,46,47,48,0,18,18,18,34,48,49,46,0,18,18,18,34,50,51,52,0,17,17,17,34,52,53,50,0,17,17,17,34,47,50,53,0,16,16,16,34,53,48,47,0,16,16,16,34,51,46,49,0,19,19,19,34,49,52,51,0,19,19,19,34,54,55,56,0,18,18,18,34,56,57,54,0,18,18,18,34,56,58,59,0,16,16,16,34,59,57,56,0,16,16,16,34,60,55,54,0,19,19,19,34,54,61,60,0,19,19,19,34,32,35,37,0,9,9,9,34,37,33,32,0,9,9,9,34,40,45,44,0,9,9,9,34,44,41,40,0,9,9,9,34,48,53,52,0,9,9,9,34,52,49,48,0,9,9,9,34,60,61,59,0,22,22,22,34,59,58,60,0,22,22,22,34,61,54,57,0,9,9,9,34,57,59,61,0,9,9,9,34,43,31,30,0,9,9,9,34,30,38,43,0,9,9,9,34,51,42,39,0,9,9,9,34,39,46,51,0,9,9,9,34,60,50,47,0,9,9,9,34,47,55,60,0,9,9,9,34,30,36,4,0,9,9,9,34,4,62,30,0,9,9,9,34,63,31,43,0,9,9,9,34,63,43,42,0,9,9,9,34,63,42,51,0,9,9,9,34,63,51,50,0,9,9,9,34,63,50,60,0,9,9,9,34,63,60,58,0,9,9,9,34,62,56,55,0,9,9,9,34,62,55,47,0,9,9,9,34,62,47,46,0,9,9,9,34,62,46,39,0,9,9,9,34,62,39,38,0,9,9,9,34,62,38,30,0,9,9,9,34,29,5,15,0,9,9,9,34,25,24,12,0,9,9,9,34,11,16,15,0,9,9,9,34,28,8,29,0,9,9,9,34,20,19,7,0,9,9,9,34,63,5,29,0,9,9,9,34,63,29,8,0,9,9,9,34,7,19,34,0,9,9,9,34,8,7,34,0,9,9,9,34,63,8,34,0,9,9,9,34,63,34,31,0,9,9,9,34,1,0,4,0,23,23,23,34,4,0,62,0,23,23,23,34,0,3,63,0,21,21,21,34,63,62,0,0,19,19,19,34,2,5,63,0,24,24,24,34,63,3,2,0,25,25,25,34,58,56,62,0,9,9,9,34,62,63,58,0,9,9,9,34,64,65,5,0,9,9,9,34,64,5,4,0,9,9,9,34,36,34,66,0,9,9,9,34,36,66,67,0,26,26,26,34,4,36,67,0,9,9,9,34,64,4,67,0,27,27,27,34,34,19,66,0,9,9,9,34,5,65,11,0,9,9,9,34,11,15,5,0,9,9,9,34,66,19,25,0,9,9,9,34,12,11,65,0,9,9,9,34,25,12,65,0,9,9,9,34,66,25,65,0,9,9,9,34,68,69,64,0,18,18,18,34,64,67,68,0,18,18,18,34,69,70,65,0,19,19,19,34,65,64,69,0,19,19,19,34,71,68,67,0,28,28,28,34,67,66,71,0,28,28,28,34,70,71,66,0,17,17,17,34,66,65,70,0,17,17,17,34,69,68,71,0,27,27,27,34,71,70,69,0,9,9,9]

}
