{

    "metadata" :
    {
        "formatVersion" : 3.1,
        "sourceFile"    : "aptecrows.obj",
        "generatedBy"   : "OBJConverter",
        "vertices"      : 40,
        "faces"         : 76,
        "normals"       : 11,
        "colors"        : 0,
        "uvs"           : 0,
        "materials"     : 0
    },

    "scale" : 2.85,

    "materials": [  {
    "DbgColor" : 15658734,
    "DbgIndex" : 0,
    "DbgName" : "default"
    }],

    "vertices": [-1.810000,0.720000,-0.100000,1.590000,0.720000,-0.100000,1.590000,-0.990000,-0.100000,-1.810000,-0.990000,-0.100000,1.420000,0.380000,0.100000,-1.640000,0.380000,0.100000,-1.640000,0.380000,0.210000,1.420000,0.380000,0.210000,1.420000,0.650000,0.100000,1.420000,0.650000,0.210000,-1.640000,0.650000,0.100000,-1.640000,0.650000,0.210000,-1.640000,-0.020000,0.100000,-1.640000,0.240000,0.100000,-1.640000,0.240000,0.210000,-1.640000,-0.020000,0.210000,1.420000,0.240000,0.100000,1.420000,-0.020000,0.100000,1.420000,-0.020000,0.210000,1.420000,0.240000,0.210000,-1.640000,-0.420000,0.100000,-1.640000,-0.160000,0.100000,-1.640000,-0.160000,0.210000,-1.640000,-0.420000,0.210000,1.420000,-0.160000,0.100000,1.420000,-0.420000,0.100000,1.420000,-0.420000,0.210000,1.420000,-0.160000,0.210000,-1.640000,-0.830000,0.210000,-1.640000,-0.830000,0.100000,-1.640000,-0.560000,0.100000,-1.640000,-0.560000,0.210000,1.420000,-0.830000,0.100000,1.420000,-0.830000,0.210000,1.420000,-0.560000,0.100000,1.420000,-0.560000,0.210000,-1.810000,0.720000,0.210000,-1.810000,-0.990000,0.210000,1.590000,-0.990000,0.210000,1.590000,0.720000,0.210000],

    "morphTargets": [],

    "morphColors": [],

    "normals": [0,0,-1,0,1,0,-1,0,-0,1,0,-0,0,-1,-0,-1,-0,0,-0,-1,-0,-0,-0,1,0,-0,1,-1,0,0,1,-0,-0],

    "colors": [],

    "uvs": [[]],

    "faces": [34,0,1,2,0,0,0,0,34,2,3,0,0,0,0,0,34,4,5,6,0,1,1,1,34,6,7,4,0,1,1,1,34,8,4,7,0,2,2,2,34,7,9,8,0,2,2,2,34,5,10,11,0,3,3,3,34,11,6,5,0,3,3,3,34,9,11,10,0,4,4,4,34,10,8,9,0,4,4,4,34,12,13,14,0,3,3,3,34,14,15,12,0,3,3,3,34,16,17,18,0,5,5,5,34,18,19,16,0,5,5,5,34,17,12,15,0,1,1,1,34,15,18,17,0,1,1,1,34,13,16,19,0,6,6,6,34,19,14,13,0,4,4,4,34,20,21,22,0,3,3,3,34,22,23,20,0,3,3,3,34,24,25,26,0,2,2,2,34,26,27,24,0,2,2,2,34,25,20,23,0,1,1,1,34,23,26,25,0,1,1,1,34,21,24,27,0,4,4,4,34,27,22,21,0,4,4,4,34,28,29,30,0,3,3,3,34,30,31,28,0,3,3,3,34,32,29,28,0,1,1,1,34,28,33,32,0,1,1,1,34,30,34,35,0,4,4,4,34,35,31,30,0,4,4,4,34,10,5,4,0,7,7,7,34,4,8,10,0,8,8,8,34,16,13,12,0,7,7,7,34,12,17,16,0,7,7,7,34,24,21,20,0,7,7,7,34,20,25,24,0,8,8,8,34,32,33,35,0,9,9,9,34,35,34,32,0,9,9,9,34,29,32,34,0,7,7,7,34,34,30,29,0,7,7,7,34,6,14,19,0,8,8,8,34,19,7,6,0,8,8,8,34,15,22,27,0,8,8,8,34,27,18,15,0,8,8,8,34,23,31,35,0,8,8,8,34,35,26,23,0,8,8,8,34,11,36,37,0,8,8,8,34,37,6,11,0,8,8,8,34,38,7,19,0,8,8,8,34,38,19,18,0,8,8,8,34,38,18,27,0,8,8,8,34,38,27,26,0,8,8,8,34,38,26,35,0,8,8,8,34,38,35,33,0,8,8,8,34,37,28,31,0,8,8,8,34,37,31,23,0,8,8,8,34,37,23,22,0,8,8,8,34,37,22,15,0,8,8,8,34,37,15,14,0,8,8,8,34,37,14,6,0,8,8,8,34,38,37,3,0,6,6,6,34,3,2,38,0,6,6,6,34,37,38,33,0,8,8,8,34,33,28,37,0,8,8,8,34,9,7,38,0,8,8,8,34,9,38,39,0,8,8,8,34,9,39,36,0,8,8,8,34,11,9,36,0,8,8,8,34,0,3,36,0,2,2,2,34,3,37,36,0,2,2,2,34,38,2,1,0,3,3,3,34,1,39,38,0,10,10,10,34,0,36,39,0,1,1,1,34,39,1,0,0,1,1,1]

}
