{

    "metadata" :
    {
        "formatVersion" : 3.1,
        "sourceFile"    : "dialogbox.obj",
        "generatedBy"   : "OBJConverter",
        "vertices"      : 22,
        "faces"         : 40,
        "normals"       : 21,
        "colors"        : 0,
        "uvs"           : 0,
        "materials"     : 0
    },

    "scale" : 17,

    "materials": [  {
    "DbgColor" : 15658734,
    "DbgIndex" : 0,
    "DbgName" : "default"
    }],

    "vertices": [0.670000,-0.740000,1.040000,-0.010000,-0.060000,1.040000,-0.010000,-0.060000,0.440000,0.670000,-0.740000,0.440000,1.350000,-0.060000,0.440000,4.990000,-0.060000,0.440000,4.990000,-0.060000,1.040000,-3.790000,-0.060000,1.040000,-3.790000,-0.060000,0.440000,1.350000,-0.060000,1.040000,-3.790000,2.490000,1.040000,-3.790000,2.490000,0.440000,4.990000,2.490000,1.040000,4.990000,2.490000,0.440000,4.360000,0.450000,0.670000,4.360000,1.250000,0.670000,-1.370000,1.250000,0.670000,-1.370000,0.450000,0.670000,4.500000,0.370000,1.040000,-1.510000,0.370000,1.040000,4.500000,1.330000,1.040000,-1.510000,1.330000,1.040000],

    "morphTargets": [],

    "morphColors": [],

    "normals": [-0.71,-0.71,-0,-0,-1,0,0,-1,0,0,-1,-0,0,-0.99,-0.13,0.71,-0.71,0,0,-0,1,-1,-0,-0,0,1,-0,-0,1,-0,1,0,-0,0,0,1,-0,0.98,0.22,0,0.98,0.22,-0.93,-0,0.36,-0.93,0,0.36,-0,-0.98,0.22,0,-0.98,0.22,0.93,0,0.36,-0,-0,-1,-0,0,-1],

    "colors": [],

    "uvs": [[]],

    "faces": [34,0,1,2,0,0,0,0,34,2,3,0,0,0,0,0,34,4,5,6,0,1,1,1,34,7,8,2,0,2,2,2,34,7,2,1,0,3,3,3,34,6,7,1,0,2,2,2,34,6,1,9,0,4,4,4,34,4,6,9,0,2,2,2,34,4,9,0,0,5,5,5,34,3,4,0,0,5,5,5,34,1,0,9,0,6,6,6,34,8,7,10,0,7,7,7,34,10,11,8,0,7,7,7,34,11,10,12,0,8,8,8,34,12,13,11,0,9,9,9,34,13,12,6,0,10,10,10,34,6,5,13,0,10,10,10,34,14,15,16,0,11,11,11,34,16,17,14,0,11,11,11,34,7,6,18,0,11,11,11,34,18,19,7,0,11,11,11,34,6,12,20,0,11,11,11,34,20,18,6,0,11,11,11,34,12,10,21,0,11,11,11,34,21,20,12,0,11,11,11,34,10,7,19,0,11,11,11,34,19,21,10,0,11,11,11,34,19,18,14,0,12,12,12,34,14,17,19,0,13,13,13,34,18,20,15,0,14,14,14,34,15,14,18,0,15,15,15,34,20,21,16,0,16,16,16,34,16,15,20,0,17,17,17,34,21,19,17,0,18,18,18,34,17,16,21,0,18,18,18,34,2,8,11,0,19,19,19,34,11,13,5,0,19,19,19,34,11,5,4,0,20,20,20,34,2,11,4,0,20,20,20,34,2,4,3,0,20,20,20]

}
