{

    "metadata" :
    {
        "formatVersion" : 3.1,
        "sourceFile"    : "sb-logo-fin.obj",
        "generatedBy"   : "OBJConverter",
        "vertices"      : 54,
        "faces"         : 96,
        "normals"       : 29,
        "colors"        : 0,
        "uvs"           : 0,
        "materials"     : 0
    },

    "scale" : 7,

    "materials": [  {
    "DbgColor" : 15658734,
    "DbgIndex" : 0,
    "DbgName" : "default"
    }],

    "vertices": [-2.100000,-0.930000,0.310000,-3.380000,-0.930000,0.310000,-3.380000,0.930000,0.310000,-2.100000,0.930000,0.310000,-3.380000,-0.930000,1.970000,-3.380000,0.930000,1.970000,0.000000,-0.930000,3.960000,0.000000,0.930000,3.960000,1.480000,-0.930000,3.090000,1.480000,0.930000,3.090000,0.830000,-0.930000,1.970000,0.830000,0.930000,1.970000,-0.030000,-0.930000,2.190000,-0.030000,0.930000,2.190000,-1.120000,-0.930000,1.880000,-1.120000,0.930000,1.880000,-1.910000,-0.930000,1.070000,-1.910000,0.930000,1.070000,3.380000,-0.930000,-1.980000,2.000000,-0.930000,-2.780000,2.000000,0.930000,-2.780000,3.380000,0.930000,-1.980000,1.360000,-0.930000,-1.650000,1.360000,0.930000,-1.650000,1.910000,-0.930000,-1.070000,1.910000,0.930000,-1.070000,2.190000,-0.930000,0.030000,2.190000,0.930000,0.030000,1.880000,-0.930000,1.120000,1.880000,0.930000,1.120000,1.360000,-0.930000,1.650000,1.360000,0.930000,1.650000,2.010000,-0.930000,2.780000,2.010000,0.930000,2.780000,3.380000,-0.930000,1.980000,3.380000,0.930000,1.980000,-3.380000,-0.930000,-1.970000,-3.380000,-0.930000,-0.320000,-3.380000,0.930000,-0.320000,-3.380000,0.930000,-1.970000,-2.110000,-0.930000,-0.320000,-2.110000,0.930000,-0.320000,-1.880000,-0.930000,-1.120000,-1.880000,0.930000,-1.120000,-1.070000,-0.930000,-1.910000,-1.070000,0.930000,-1.910000,0.030000,-0.930000,-2.190000,0.030000,0.930000,-2.190000,0.830000,-0.930000,-1.980000,0.830000,0.930000,-1.980000,1.470000,-0.930000,-3.100000,1.470000,0.930000,-3.100000,0.000000,-0.930000,-3.960000,0.000000,0.930000,-3.960000],

    "morphTargets": [],

    "morphColors": [],

    "normals": [0,0,-1,-1,0,-0,-0.51,0,0.86,0.51,0,0.86,0.87,0,-0.5,-0.25,0,-0.97,0.27,0,-0.96,0.72,0,-0.7,0.97,0,-0.25,0.51,0,-0.86,-0.87,0,-0.49,-0.73,0,0.69,-0.97,0,0.25,-0.96,0,-0.27,-0.72,0,-0.7,-0.87,0,0.49,1,0,-0,0,0,1,0.96,0,0.27,0.7,0,0.72,0.25,0,0.97,-0.26,0,0.97,0.87,0,0.49,-0.51,0,-0.86,0,-1,-0,0,1,-0,-0,1,0,0,1,0,-0,1,-0],

    "colors": [],

    "uvs": [[]],

    "faces": [34,0,1,2,0,0,0,0,34,2,3,0,0,0,0,0,34,1,4,5,0,1,1,1,34,5,2,1,0,1,1,1,34,4,6,7,0,2,2,2,34,7,5,4,0,2,2,2,34,6,8,9,0,3,3,3,34,9,7,6,0,3,3,3,34,8,10,11,0,4,4,4,34,11,9,8,0,4,4,4,34,10,12,13,0,5,5,5,34,13,11,10,0,5,5,5,34,12,14,15,0,6,6,6,34,15,13,12,0,6,6,6,34,14,16,17,0,7,7,7,34,17,15,14,0,7,7,7,34,16,0,3,0,8,8,8,34,3,17,16,0,8,8,8,34,18,19,20,0,9,9,9,34,20,21,18,0,9,9,9,34,19,22,23,0,10,10,10,34,23,20,19,0,10,10,10,34,22,24,25,0,11,11,11,34,25,23,22,0,11,11,11,34,24,26,27,0,12,12,12,34,27,25,24,0,12,12,12,34,26,28,29,0,13,13,13,34,29,27,26,0,13,13,13,34,28,30,31,0,14,14,14,34,31,29,28,0,14,14,14,34,30,32,33,0,15,15,15,34,33,31,30,0,15,15,15,34,32,34,35,0,3,3,3,34,35,33,32,0,3,3,3,34,34,18,21,0,16,16,16,34,21,35,34,0,16,16,16,34,36,37,38,0,1,1,1,34,38,39,36,0,1,1,1,34,37,40,41,0,17,17,17,34,41,38,37,0,17,17,17,34,40,42,43,0,18,18,18,34,43,41,40,0,18,18,18,34,42,44,45,0,19,19,19,34,45,43,42,0,19,19,19,34,44,46,47,0,20,20,20,34,47,45,44,0,20,20,20,34,46,48,49,0,21,21,21,34,49,47,46,0,21,21,21,34,48,50,51,0,22,22,22,34,51,49,48,0,22,22,22,34,50,52,53,0,9,9,9,34,53,51,50,0,9,9,9,34,52,36,39,0,23,23,23,34,39,53,52,0,23,23,23,34,18,34,32,0,24,24,24,34,32,30,28,0,24,24,24,34,18,32,28,0,24,24,24,34,18,28,26,0,24,24,24,34,18,26,24,0,24,24,24,34,18,24,22,0,24,24,24,34,18,22,19,0,24,24,24,34,12,10,8,0,24,24,24,34,14,12,8,0,24,24,24,34,8,6,4,0,24,24,24,34,14,8,4,0,24,24,24,34,16,14,4,0,24,24,24,34,0,16,4,0,24,24,24,34,0,4,1,0,24,24,24,34,36,52,50,0,24,24,24,34,50,48,46,0,24,24,24,34,36,50,46,0,24,24,24,34,36,46,44,0,24,24,24,34,36,44,42,0,24,24,24,34,36,42,40,0,24,24,24,34,36,40,37,0,24,24,24,34,20,23,25,0,25,25,25,34,29,31,33,0,25,25,25,34,27,29,33,0,25,25,25,34,27,33,35,0,25,25,25,34,25,27,35,0,25,25,25,34,20,25,35,0,25,25,25,34,20,35,21,0,25,25,25,34,17,3,2,0,26,26,26,34,15,17,2,0,26,26,26,34,2,5,7,0,25,25,25,34,15,2,7,0,26,26,26,34,13,15,7,0,26,26,26,34,11,13,7,0,27,27,27,34,11,7,9,0,26,26,26,34,43,39,38,0,28,28,28,34,38,41,43,0,28,28,28,34,45,53,39,0,28,28,28,34,39,43,45,0,28,28,28,34,45,47,53,0,28,28,28,34,47,49,51,0,25,25,25,34,51,53,47,0,28,28,28]

}
