{

    "metadata" :
    {
        "formatVersion" : 3.1,
        "sourceFile"    : "modal.obj",
        "generatedBy"   : "OBJConverter",
        "vertices"      : 78,
        "faces"         : 146,
        "normals"       : 29,
        "colors"        : 0,
        "uvs"           : 0,
        "materials"     : 0
    },

    "scale" : 25,

    "materials": [  {
    "DbgColor" : 15658734,
    "DbgIndex" : 0,
    "DbgName" : "default"
    }],

    "vertices": [15.860000,10.290000,0.000000,15.860000,-9.820000,-0.000000,15.340000,-10.290000,-0.000000,-15.340000,-10.290000,-0.000000,-15.860000,-9.820000,-0.000000,-15.860000,10.290000,0.000000,15.340000,-10.290000,2.940000,-15.340000,-10.290000,2.940000,-15.860000,10.290000,2.070000,15.860000,10.290000,2.070000,14.660000,8.060000,2.070000,14.660000,8.060000,1.450000,14.340000,7.760000,1.450000,14.340000,7.760000,2.070000,12.920000,9.110000,2.070000,12.920000,9.110000,1.450000,13.240000,9.410000,1.450000,13.240000,9.410000,2.070000,13.790000,8.880000,2.070000,13.790000,8.880000,1.450000,14.340000,9.410000,1.450000,14.340000,9.410000,2.070000,13.790000,8.290000,2.070000,13.790000,8.290000,1.450000,13.240000,7.760000,1.450000,13.240000,7.760000,2.070000,13.460000,8.600000,2.070000,12.920000,8.060000,2.070000,12.920000,8.060000,1.450000,13.480000,8.590000,1.450000,14.100000,8.590000,2.070000,14.650000,9.110000,2.070000,14.660000,9.110000,1.450000,14.100000,8.590000,1.450000,15.860000,-9.820000,2.940000,15.860000,-7.420000,2.940000,-14.150000,-7.420000,2.940000,-15.610000,-9.880000,2.940000,14.170000,3.820000,1.030000,-14.150000,3.820000,1.030000,-14.150000,3.820000,2.070000,14.170000,3.820000,2.070000,14.170000,6.470000,1.030000,14.170000,6.470000,2.070000,-14.150000,6.470000,1.030000,-14.150000,6.470000,2.070000,-14.150000,-0.230000,1.030000,-14.150000,2.430000,1.030000,-14.150000,2.430000,2.070000,-14.150000,-0.230000,2.070000,14.170000,2.430000,1.030000,14.170000,-0.230000,1.030000,14.170000,-0.230000,2.070000,14.170000,2.430000,2.070000,-14.150000,-4.230000,1.030000,-14.150000,-1.570000,1.030000,-14.150000,-1.570000,2.070000,-14.150000,-4.230000,2.070000,14.170000,-1.570000,1.030000,14.170000,-4.230000,1.030000,14.170000,-4.230000,2.070000,14.170000,-1.570000,2.070000,-14.150000,-5.620000,1.030000,-14.150000,-5.620000,2.070000,-14.150000,-7.420000,2.070000,-14.150000,-7.420000,1.030000,14.170000,-8.270000,1.030000,-14.150000,-8.270000,1.030000,-14.150000,-8.270000,2.070000,14.170000,-8.270000,2.070000,14.170000,-5.620000,1.030000,14.170000,-5.620000,2.070000,-15.860000,-7.420000,2.940000,-15.860000,-9.820000,2.940000,15.860000,-7.420000,2.070000,14.170000,-7.420000,2.070000,-15.860000,-7.420000,2.070000,14.170000,-7.420000,1.030000],

    "morphTargets": [],

    "morphColors": [],

    "normals": [0,0,-1,0,-1,-0,0,1,0,-0.72,0.69,-0,-0.72,0.69,0,0.72,-0.69,-0,0.73,-0.69,0.03,0.74,-0.67,-0,0.73,-0.68,0.02,0.71,-0.7,0.04,-0.72,0.7,-0,-0.72,0.69,-0.01,-0.72,0.7,0,0,-0,1,-0.72,-0.7,-0,0.72,0.7,0,-0.72,-0.69,0,-0.72,-0.69,-0,0.72,0.69,0,0.72,0.69,-0,-1,0,-0,1,0,-0,-1,-0,0,-0,-1,-0,0,1,-0,-0,1,-0,-1,0,0,0.71,-0.71,-0,-0.71,-0.71,-0],

    "colors": [],

    "uvs": [[]],

    "faces": [34,0,1,2,0,0,0,0,34,2,3,4,0,0,0,0,34,0,2,4,0,0,0,0,34,0,4,5,0,0,0,0,34,6,7,3,0,1,1,1,34,3,2,6,0,1,1,1,34,8,9,0,0,2,2,2,34,0,5,8,0,2,2,2,34,10,11,12,0,3,4,3,34,12,13,10,0,3,3,3,34,14,15,16,0,5,5,5,34,16,17,14,0,5,5,5,34,18,19,20,0,5,5,5,34,20,21,18,0,5,5,5,34,22,23,24,0,3,3,3,34,24,25,22,0,3,4,3,34,26,27,28,0,6,7,8,34,28,29,26,0,8,9,6,34,30,31,32,0,10,11,10,34,32,33,30,0,10,12,10,34,33,23,12,0,13,13,13,34,12,11,33,0,13,13,13,34,33,19,29,0,13,13,13,34,29,23,33,0,13,13,13,34,28,24,23,0,13,13,13,34,23,29,28,0,13,13,13,34,16,15,29,0,13,13,13,34,29,19,16,0,13,13,13,34,32,20,19,0,13,13,13,34,19,33,32,0,13,13,13,34,30,33,11,0,14,14,14,34,11,10,30,0,14,14,14,34,26,29,15,0,15,15,15,34,15,14,26,0,15,15,15,34,17,16,19,0,16,16,16,34,19,18,17,0,16,17,16,34,13,12,23,0,18,19,18,34,23,22,13,0,18,18,18,34,21,20,32,0,16,16,16,34,32,31,21,0,16,17,16,34,25,24,28,0,18,18,18,34,28,27,25,0,18,18,18,34,7,6,34,0,13,13,13,34,7,34,35,0,13,13,13,34,7,35,36,0,13,13,13,34,7,36,37,0,13,13,13,34,38,39,40,0,2,2,2,34,40,41,38,0,2,2,2,34,42,38,41,0,20,20,20,34,41,43,42,0,20,20,20,34,39,44,45,0,21,21,21,34,45,40,39,0,21,21,21,34,44,42,43,0,1,1,1,34,43,45,44,0,1,1,1,34,46,47,48,0,21,21,21,34,48,49,46,0,21,21,21,34,50,51,52,0,22,22,22,34,52,53,50,0,22,22,22,34,51,46,49,0,2,2,2,34,49,52,51,0,2,2,2,34,47,50,53,0,23,23,23,34,53,48,47,0,23,23,23,34,54,55,56,0,21,21,21,34,56,57,54,0,21,21,21,34,58,59,60,0,20,20,20,34,60,61,58,0,20,20,20,34,59,54,57,0,2,2,2,34,57,60,59,0,2,2,2,34,55,58,61,0,1,1,1,34,61,56,55,0,1,1,1,34,62,63,64,0,21,21,21,34,64,65,62,0,21,21,21,34,66,67,68,0,2,2,2,34,68,69,66,0,2,2,2,34,62,70,71,0,1,1,1,34,71,63,62,0,1,1,1,34,44,39,38,0,13,13,13,34,38,42,44,0,13,13,13,34,50,47,46,0,13,13,13,34,46,51,50,0,13,13,13,34,58,55,54,0,13,13,13,34,54,59,58,0,13,13,13,34,37,36,72,0,13,13,13,34,72,73,37,0,13,13,13,34,74,75,35,0,24,24,24,34,72,36,64,0,25,2,25,34,64,76,72,0,25,25,25,34,77,75,71,0,26,22,26,34,71,70,77,0,26,26,26,34,65,77,70,0,13,13,13,34,70,62,65,0,13,13,13,34,75,77,65,0,24,2,2,34,64,36,35,0,25,2,24,34,65,64,35,0,2,25,24,34,75,65,35,0,24,2,24,34,40,48,53,0,13,13,13,34,53,41,40,0,13,13,13,34,49,56,61,0,13,13,13,34,61,52,49,0,13,13,13,34,57,63,71,0,13,13,13,34,71,60,57,0,13,13,13,34,8,76,40,0,13,13,13,34,40,45,8,0,13,13,13,34,74,41,53,0,13,13,13,34,74,53,52,0,13,13,13,34,74,52,61,0,13,13,13,34,74,61,60,0,13,13,13,34,74,60,71,0,13,13,13,34,74,71,75,0,13,13,13,34,76,64,63,0,13,13,13,34,76,63,57,0,13,13,13,34,76,57,56,0,13,13,13,34,76,56,49,0,13,13,13,34,76,49,48,0,13,13,13,34,76,48,40,0,13,13,13,34,7,37,73,0,13,13,13,34,34,6,2,0,27,27,27,34,2,1,34,0,27,27,27,34,4,3,7,0,28,28,28,34,7,73,4,0,28,28,28,34,31,9,21,0,13,13,13,34,27,26,14,0,13,13,13,34,17,18,21,0,13,13,13,34,30,10,31,0,13,13,13,34,22,25,13,0,13,13,13,34,8,14,17,0,13,13,13,34,8,17,21,0,13,13,13,34,8,21,9,0,13,13,13,34,43,41,74,0,13,13,13,34,74,9,31,0,13,13,13,34,74,31,10,0,13,13,13,34,43,74,10,0,13,13,13,34,43,10,13,0,13,13,13,34,43,13,25,0,13,13,13,34,8,45,43,0,13,13,13,34,43,25,27,0,13,13,13,34,8,43,27,0,13,13,13,34,8,27,14,0,13,13,13,34,5,4,8,0,20,20,20,34,72,76,73,0,20,20,20,34,8,4,76,0,20,20,20,34,73,76,4,0,20,20,20,34,0,9,74,0,21,21,21,34,74,35,34,0,21,21,21,34,74,34,1,0,21,21,21,34,0,74,1,0,21,21,21]

}
